,KMeans,Agglomerative,Birch,MiniBatchKMeans,Spectral
Euclidean,0.41086384945416077,0.4078709174181945,0.4087848146396112,0.36866738198213816,0.43231832377410784
